user_id,created_at
X1,2025-01-22
X1,2025-01-22
X1,2025-01-22
X1,2025-01-22
X2,2023-03-26
X3,2024-10-20
X4,2022-04-03
X5,2022-04-17
X4,2022-05-02
X1,2022-05-15
X1,2022-05-15
X1,2022-05-17
X1,2022-05-17
X4,2022-05-30
X4,2022-06-28
X5,2022-07-22
X4,2022-08-04
X4,2022-09-05
X6,2022-09-22
X4,2022-09-30
X4,2022-11-03
X7,2022-11-23
X8,2022-11-29
X4,2022-12-04
X8,2022-12-13
X4,2023-01-10
X4,2023-02-07
X4,2023-03-08
X7,2023-03-11
X7,2023-03-11
X7,2023-03-18
X4,2023-04-02
X7,2023-04-19
X7,2023-04-22
X4,2023-04-29
X7,2023-05-08
X9,2023-05-23
X8,2023-06-08
X5,2023-07-23
X7,2023-08-05
X8,2023-09-02
X10,2023-09-11
X4,2023-09-15
X10,2023-10-05
X5,2023-10-18
X8,2023-10-24
X2,2023-11-02
X11,2023-11-14
X9,2023-11-24
X12,2023-11-25
X8,2023-12-02
X11,2023-12-15
X11,2023-12-15
X8,2023-12-26
X11,2023-12-28
X11,2024-01-05
X11,2024-01-05
X13,2024-01-20
X11,2024-01-27
X8,2024-01-28
X8,2024-02-06
X4,2024-02-23
X8,2024-03-30
X8,2024-03-30
X4,2024-04-01
X7,2024-04-18
X6,2024-04-24
X12,2024-05-01
X8,2024-05-01
X4,2024-05-07
X14,2024-05-11
X6,2024-05-14
X6,2024-05-29
X4,2024-06-08
X12,2024-06-09
X8,2024-06-11
X8,2024-06-11
X6,2024-06-17
X11,2024-06-22
X14,2024-06-26
X11,2024-06-30
X6,2024-07-02
X14,2024-07-04
X4,2024-07-08
X6,2024-07-15
X11,2024-07-16
X8,2024-07-18
X8,2024-07-23
X4,2024-08-07
X6,2024-08-21
X8,2024-08-24
X8,2024-09-02
X14,2024-09-05
X13,2024-09-12
X6,2024-09-15
X15,2024-09-16
X16,2024-09-28
X8,2024-10-03
X10,2024-10-06
X6,2024-10-13
X8,2024-10-20
X4,2024-10-22
X16,2024-11-06
X8,2024-11-18
X15,2024-11-19
X7,2024-11-22
X8,2024-11-23
X5,2024-11-24
X7,2024-11-26
X8,2024-12-01
X4,2024-12-03
X4,2024-12-04
X14,2024-12-15
X4,2024-12-19
X4,2024-12-29
X17,2025-01-01
X8,2025-01-07
X14,2025-01-12
X4,2025-01-30
X18,2025-02-04
X12,2025-02-10
X8,2025-02-25
X4,2025-02-28
X19,2025-03-04
X4,2025-03-18
X13,2025-03-18
X13,2025-03-22
X5,2025-03-25
X13,2025-03-26
X13,2025-03-30
X13,2025-04-04
X8,2025-04-10
X5,2025-04-11
X20,2025-04-27
X21,2025-05-05
X14,2025-05-11
X14,2025-05-12
X21,2025-05-16
X4,2025-05-25
X22,2025-05-29
X23,2025-05-31
X8,2025-06-12
X22,2025-07-04
X24,2025-07-07
X8,2025-08-03
X25,2025-08-06
X24,2025-08-09
X2,2025-08-21
X26,2025-08-24
X11,2025-09-05
X27,2025-09-05
X24,2025-09-17
X28,2025-10-03
X9,2025-05-31
X29,2025-06-02
X12,2023-10-25
X21,2025-04-08
X30,2024-09-30
X31,2024-06-06
X24,2025-07-03
X6,2023-11-28
X6,2024-08-27
X6,2025-08-12
X4,2023-05-15
X4,2023-07-16
X13,2024-11-27
X24,2025-06-09
X32,2025-06-30
X22,2025-07-22
X32,2025-08-01
X33,2025-09-24
X8,2023-12-26
X8,2024-02-04
X8,2024-03-30
X8,2024-05-01
X8,2024-06-11
X8,2024-07-15
X8,2024-08-18
X8,2024-09-19
X8,2024-10-22
X8,2024-11-02
X8,2024-12-07
X34,2025-04-21
X33,2025-06-02
X35,2025-08-22
X15,2025-09-16
X36,2025-03-02
X34,2025-07-04
X37,2025-07-28
X22,2025-03-30
X22,2025-04-08
X22,2025-04-19
X22,2025-05-08
X34,2025-05-16
X38,2024-10-28
X39,2024-11-27
X40,2025-06-06
X41,2025-09-23
X11,2024-04-15
X11,2024-04-16
X11,2024-06-03
X42,2024-08-11
X42,2024-09-08
X32,2024-09-27
X43,2024-10-04
X32,2024-10-28
X44,2024-10-30
X42,2024-11-09
X43,2024-11-11
X32,2024-11-26
X34,2024-12-06
X43,2024-12-11
X4,2024-12-19
X42,2024-12-23
X9,2024-12-27
X32,2024-12-30
X42,2025-01-09
X32,2025-01-29
X4,2025-02-01
X43,2025-02-11
X42,2025-02-26
X42,2025-02-26
X42,2025-04-10
X42,2025-04-10
X45,2025-04-11
X32,2025-04-20
X23,2025-04-24
X9,2025-05-16
X45,2025-05-26
X46,2025-05-30
X42,2025-06-17
X47,2025-06-26
X48,2025-07-13
X46,2025-08-03
X47,2025-08-16
X34,2025-08-19
X45,2025-08-20
X47,2025-09-10
X49,2025-07-22
X31,2025-04-03
X12,2025-09-01
X50,2025-09-14
X50,2025-09-29
